<?xml version="1.0" encoding="UTF-8"?>
<!DOCTYPE manifest PUBLIC "-//MECA//DTD Manifest v1.0//en" "MECA_manifest.dtd">
<manifest manifest-version="1" xmlns="https://manuscriptexchange.org/schema/manifest" xmlns:xlink="http://www.w3.org/1999/xlink">
  <item item-type="article-metadata">
    <instance media-type="text/xml" xlink:href="index.xml"/>
  </item>
  <item item-type="manuscript">
    <instance media-type="application/pdf" xlink:href="index.pdf"/>
  </item>
  <item item-type="manuscript">
    <instance media-type="application/vnd.openxmlformats-officedocument.wordprocessingml.document" xlink:href="index.docx"/>
  </item>
  <item item-type="manuscript">
    <instance media-type="text/plain" xlink:href="_tex/index.tex"/>
  </item>
  <item item-type="manuscript-supporting-file">
    <instance media-type="application/octet-stream" xlink:href="_tex/reference.bib"/>
  </item>
  <item item-type="manuscript-supporting-file">
    <instance media-type="application/json" xlink:href="package.json"/>
  </item>
  <item item-type="manuscript-supporting-file">
    <instance media-type="application/json" xlink:href="package-lock.json"/>
  </item>
  <item item-type="manuscript-supporting-file">
    <instance media-type="application/octet-stream" xlink:href="introduction.qmd"/>
  </item>
  <item item-type="article-source">
    <instance media-type="application/octet-stream" xlink:href="source/.github/workflows/publish.yml"/>
  </item>
  <item item-type="article-source">
    <instance media-type="application/octet-stream" xlink:href="source/.gitignore"/>
  </item>
  <item item-type="article-source">
    <instance media-type="image/svg+xml" xlink:href="source/_extensions/wjschne/apaquarto/ORCID-iD_icon-vector.svg"/>
  </item>
  <item item-type="article-source">
    <instance media-type="application/octet-stream" xlink:href="source/_extensions/wjschne/apaquarto/_apa_title.qmd"/>
  </item>
  <item item-type="article-source">
    <instance media-type="application/octet-stream" xlink:href="source/_extensions/wjschne/apaquarto/_extension.yml"/>
  </item>
  <item item-type="article-source">
    <instance media-type="application/octet-stream" xlink:href="source/_extensions/wjschne/apaquarto/apa.csl"/>
  </item>
  <item item-type="article-source">
    <instance media-type="text/css" xlink:href="source/_extensions/wjschne/apaquarto/apa.css"/>
  </item>
  <item item-type="article-source">
    <instance media-type="application/octet-stream" xlink:href="source/_extensions/wjschne/apaquarto/apa.scss"/>
  </item>
  <item item-type="article-source">
    <instance media-type="application/octet-stream" xlink:href="source/_extensions/wjschne/apaquarto/apaafternote.lua"/>
  </item>
  <item item-type="article-source">
    <instance media-type="application/octet-stream" xlink:href="source/_extensions/wjschne/apaquarto/apaandcite.lua"/>
  </item>
  <item item-type="article-source">
    <instance media-type="application/octet-stream" xlink:href="source/_extensions/wjschne/apaquarto/apaappendixlatex.lua"/>
  </item>
  <item item-type="article-source">
    <instance media-type="application/octet-stream" xlink:href="source/_extensions/wjschne/apaquarto/apacaption.lua"/>
  </item>
  <item item-type="article-source">
    <instance media-type="application/octet-stream" xlink:href="source/_extensions/wjschne/apaquarto/apaextractfigure.lua"/>
  </item>
  <item item-type="article-source">
    <instance media-type="application/octet-stream" xlink:href="source/_extensions/wjschne/apaquarto/apafgtb.lua"/>
  </item>
  <item item-type="article-source">
    <instance media-type="application/octet-stream" xlink:href="source/_extensions/wjschne/apaquarto/apafigtab.lua"/>
  </item>
  <item item-type="article-source">
    <instance media-type="application/octet-stream" xlink:href="source/_extensions/wjschne/apaquarto/apafigtblappendix.lua"/>
  </item>
  <item item-type="article-source">
    <instance media-type="application/octet-stream" xlink:href="source/_extensions/wjschne/apaquarto/apafigurelatex.lua"/>
  </item>
  <item item-type="article-source">
    <instance media-type="application/octet-stream" xlink:href="source/_extensions/wjschne/apaquarto/apafigurewidthlatex.lua"/>
  </item>
  <item item-type="article-source">
    <instance media-type="application/octet-stream" xlink:href="source/_extensions/wjschne/apaquarto/apafloat.lua"/>
  </item>
  <item item-type="article-source">
    <instance media-type="application/octet-stream" xlink:href="source/_extensions/wjschne/apaquarto/apafloatlatex.lua"/>
  </item>
  <item item-type="article-source">
    <instance media-type="application/octet-stream" xlink:href="source/_extensions/wjschne/apaquarto/apafloatstoend.lua"/>
  </item>
  <item item-type="article-source">
    <instance media-type="application/octet-stream" xlink:href="source/_extensions/wjschne/apaquarto/apaheader.lua"/>
  </item>
  <item item-type="article-source">
    <instance media-type="application/octet-stream" xlink:href="source/_extensions/wjschne/apaquarto/apalanguage.lua"/>
  </item>
  <item item-type="article-source">
    <instance media-type="application/octet-stream" xlink:href="source/_extensions/wjschne/apaquarto/apamasked.lua"/>
  </item>
  <item item-type="article-source">
    <instance media-type="application/octet-stream" xlink:href="source/_extensions/wjschne/apaquarto/apanote.lua"/>
  </item>
  <item item-type="article-source">
    <instance media-type="application/octet-stream" xlink:href="source/_extensions/wjschne/apaquarto/apaomitrefsdiv.lua"/>
  </item>
  <item item-type="article-source">
    <instance media-type="application/octet-stream" xlink:href="source/_extensions/wjschne/apaquarto/apaoneauthoraffiliation.lua"/>
  </item>
  <item item-type="article-source">
    <instance media-type="application/vnd.openxmlformats-officedocument.wordprocessingml.document" xlink:href="source/_extensions/wjschne/apaquarto/apaquarto.docx"/>
  </item>
  <item item-type="article-source">
    <instance media-type="text/markdown" xlink:href="source/_extensions/wjschne/apaquarto/apaquarto.md"/>
  </item>
  <item item-type="article-source">
    <instance media-type="application/octet-stream" xlink:href="source/_extensions/wjschne/apaquarto/apaquote.lua"/>
  </item>
  <item item-type="article-source">
    <instance media-type="application/octet-stream" xlink:href="source/_extensions/wjschne/apaquarto/apastriptitle.lua"/>
  </item>
  <item item-type="article-source">
    <instance media-type="text/plain" xlink:href="source/_extensions/wjschne/apaquarto/apatemplate.tex"/>
  </item>
  <item item-type="article-source">
    <instance media-type="application/octet-stream" xlink:href="source/_extensions/wjschne/apaquarto/apatwocolumnlatex.lua"/>
  </item>
  <item item-type="article-source">
    <instance media-type="text/plain" xlink:href="source/_extensions/wjschne/apaquarto/before-body.tex"/>
  </item>
  <item item-type="article-source">
    <instance media-type="application/octet-stream" xlink:href="source/_extensions/wjschne/apaquarto/citeprocr.lua"/>
  </item>
  <item item-type="article-source">
    <instance media-type="application/octet-stream" xlink:href="source/_extensions/wjschne/apaquarto/crossrefprefix.lua"/>
  </item>
  <item item-type="article-source">
    <instance media-type="text/plain" xlink:href="source/_extensions/wjschne/apaquarto/doc-class.tex"/>
  </item>
  <item item-type="article-source">
    <instance media-type="application/octet-stream" xlink:href="source/_extensions/wjschne/apaquarto/docxlinenumber.lua"/>
  </item>
  <item item-type="article-source">
    <instance media-type="application/octet-stream" xlink:href="source/_extensions/wjschne/apaquarto/docxstyler.lua"/>
  </item>
  <item item-type="article-source">
    <instance media-type="application/octet-stream" xlink:href="source/_extensions/wjschne/apaquarto/frontmatter.lua"/>
  </item>
  <item item-type="article-source">
    <instance media-type="text/plain" xlink:href="source/_extensions/wjschne/apaquarto/header.tex"/>
  </item>
  <item item-type="article-source">
    <instance media-type="application/octet-stream" xlink:href="source/_extensions/wjschne/apaquarto/journalmode.lua"/>
  </item>
  <item item-type="article-source">
    <instance media-type="application/octet-stream" xlink:href="source/_extensions/wjschne/apaquarto/latexnoindent.lua"/>
  </item>
  <item item-type="article-source">
    <instance media-type="text/css" xlink:href="source/_extensions/wjschne/apaquarto/styles.css"/>
  </item>
  <item item-type="article-source">
    <instance media-type="text/html" xlink:href="source/_extensions/wjschne/apaquarto/title-block.html"/>
  </item>
  <item item-type="article-source">
    <instance media-type="text/plain" xlink:href="source/_extensions/wjschne/apaquarto/title.tex"/>
  </item>
  <item item-type="article-source">
    <instance media-type="application/octet-stream" xlink:href="source/_extensions/wjschne/apaquarto/typst/formattypst.lua"/>
  </item>
  <item item-type="article-source">
    <instance media-type="text/plain" xlink:href="source/_extensions/wjschne/apaquarto/typst/typst-show.typ"/>
  </item>
  <item item-type="article-source">
    <instance media-type="text/plain" xlink:href="source/_extensions/wjschne/apaquarto/typst/typst-template.typ"/>
  </item>
  <item item-type="article-source">
    <instance media-type="text/plain" xlink:href="source/_manuscript/_tex/index.tex"/>
  </item>
  <item item-type="article-source">
    <instance media-type="application/octet-stream" xlink:href="source/_manuscript/index-meca.zip"/>
  </item>
  <item item-type="article-source">
    <instance media-type="application/vnd.openxmlformats-officedocument.wordprocessingml.document" xlink:href="source/_manuscript/index.docx"/>
  </item>
  <item item-type="article-source">
    <instance media-type="text/html" xlink:href="source/_manuscript/index.html"/>
  </item>
  <item item-type="article-source">
    <instance media-type="text/xml" xlink:href="source/_manuscript/index.xml"/>
  </item>
  <item item-type="article-source">
    <instance media-type="text/html" xlink:href="source/_manuscript/introduction-preview.html"/>
  </item>
  <item item-type="article-source">
    <instance media-type="application/x-ipynb+json" xlink:href="source/_manuscript/introduction.out.ipynb"/>
  </item>
  <item item-type="article-source">
    <instance media-type="application/octet-stream" xlink:href="source/_manuscript/introduction.qmd"/>
  </item>
  <item item-type="article-source">
    <instance media-type="text/css" xlink:href="source/_manuscript/site_libs/bootstrap/bootstrap-dark-e0446a6670a3b945cc6c43400756bcef.min.css"/>
  </item>
  <item item-type="article-source">
    <instance media-type="text/css" xlink:href="source/_manuscript/site_libs/bootstrap/bootstrap-ef25b28c10f6397158e364a29626ca35.min.css"/>
  </item>
  <item item-type="article-source">
    <instance media-type="text/css" xlink:href="source/_manuscript/site_libs/bootstrap/bootstrap-icons.css"/>
  </item>
  <item item-type="article-source">
    <instance media-type="application/font-woff" xlink:href="source/_manuscript/site_libs/bootstrap/bootstrap-icons.woff"/>
  </item>
  <item item-type="article-source">
    <instance media-type="application/javascript" xlink:href="source/_manuscript/site_libs/bootstrap/bootstrap.min.js"/>
  </item>
  <item item-type="article-source">
    <instance media-type="application/javascript" xlink:href="source/_manuscript/site_libs/clipboard/clipboard.min.js"/>
  </item>
  <item item-type="article-source">
    <instance media-type="application/javascript" xlink:href="source/_manuscript/site_libs/manuscript-notebook/headroom.min.js"/>
  </item>
  <item item-type="article-source">
    <instance media-type="application/javascript" xlink:href="source/_manuscript/site_libs/quarto-html/anchor.min.js"/>
  </item>
  <item item-type="article-source">
    <instance media-type="application/javascript" xlink:href="source/_manuscript/site_libs/quarto-html/popper.min.js"/>
  </item>
  <item item-type="article-source">
    <instance media-type="text/css" xlink:href="source/_manuscript/site_libs/quarto-html/quarto-syntax-highlighting-57a92833092fd6dc0d7710b6bdfff9c5.css"/>
  </item>
  <item item-type="article-source">
    <instance media-type="text/css" xlink:href="source/_manuscript/site_libs/quarto-html/quarto-syntax-highlighting-dark-57a92833092fd6dc0d7710b6bdfff9c5.css"/>
  </item>
  <item item-type="article-source">
    <instance media-type="application/javascript" xlink:href="source/_manuscript/site_libs/quarto-html/quarto.js"/>
  </item>
  <item item-type="article-source">
    <instance media-type="text/css" xlink:href="source/_manuscript/site_libs/quarto-html/tippy.css"/>
  </item>
  <item item-type="article-source">
    <instance media-type="application/javascript" xlink:href="source/_manuscript/site_libs/quarto-html/tippy.umd.min.js"/>
  </item>
  <item item-type="article-source">
    <instance media-type="application/octet-stream" xlink:href="source/_quarto.yml"/>
  </item>
  <item item-type="article-source">
    <instance media-type="application/octet-stream" xlink:href="source/_variables.yml"/>
  </item>
  <item item-type="article-source">
    <instance media-type="application/octet-stream" xlink:href="source/encrypt.sh"/>
  </item>
  <item item-type="article-source">
    <instance media-type="application/octet-stream" xlink:href="source/index.qmd"/>
  </item>
  <item item-type="article-source">
    <instance media-type="application/octet-stream" xlink:href="source/introduction.qmd"/>
  </item>
  <item item-type="article-source">
    <instance media-type="application/octet-stream" xlink:href="source/manuscript.scss"/>
  </item>
  <item item-type="article-source">
    <instance media-type="application/octet-stream" xlink:href="source/node_modules/.bin/pagecrypt"/>
  </item>
  <item item-type="article-source">
    <instance media-type="application/json" xlink:href="source/node_modules/.package-lock.json"/>
  </item>
  <item item-type="article-source">
    <instance media-type="text/typescript" xlink:href="source/node_modules/mri/index.d.ts"/>
  </item>
  <item item-type="article-source">
    <instance media-type="application/javascript" xlink:href="source/node_modules/mri/lib/index.js"/>
  </item>
  <item item-type="article-source">
    <instance media-type="application/javascript" xlink:href="source/node_modules/mri/lib/index.mjs"/>
  </item>
  <item item-type="article-source">
    <instance media-type="text/markdown" xlink:href="source/node_modules/mri/license.md"/>
  </item>
  <item item-type="article-source">
    <instance media-type="application/json" xlink:href="source/node_modules/mri/package.json"/>
  </item>
  <item item-type="article-source">
    <instance media-type="text/markdown" xlink:href="source/node_modules/mri/readme.md"/>
  </item>
  <item item-type="article-source">
    <instance media-type="text/markdown" xlink:href="source/node_modules/pagecrypt/CHANGELOG.md"/>
  </item>
  <item item-type="article-source">
    <instance media-type="text/markdown" xlink:href="source/node_modules/pagecrypt/LICENSE.md"/>
  </item>
  <item item-type="article-source">
    <instance media-type="text/markdown" xlink:href="source/node_modules/pagecrypt/README.md"/>
  </item>
  <item item-type="article-source">
    <instance media-type="application/javascript" xlink:href="source/node_modules/pagecrypt/cli.js"/>
  </item>
  <item item-type="article-source">
    <instance media-type="text/typescript" xlink:href="source/node_modules/pagecrypt/core.d.ts"/>
  </item>
  <item item-type="article-source">
    <instance media-type="application/javascript" xlink:href="source/node_modules/pagecrypt/core.js"/>
  </item>
  <item item-type="article-source">
    <instance media-type="text/typescript" xlink:href="source/node_modules/pagecrypt/crypto.d.ts"/>
  </item>
  <item item-type="article-source">
    <instance media-type="text/typescript" xlink:href="source/node_modules/pagecrypt/index.d.ts"/>
  </item>
  <item item-type="article-source">
    <instance media-type="application/javascript" xlink:href="source/node_modules/pagecrypt/index.js"/>
  </item>
  <item item-type="article-source">
    <instance media-type="application/json" xlink:href="source/node_modules/pagecrypt/package.json"/>
  </item>
  <item item-type="article-source">
    <instance media-type="application/octet-stream" xlink:href="source/node_modules/pagecrypt/pagecrypt-6.1.1.tgz"/>
  </item>
  <item item-type="article-source">
    <instance media-type="text/markdown" xlink:href="source/node_modules/rfc4648/CHANGELOG.md"/>
  </item>
  <item item-type="article-source">
    <instance media-type="application/octet-stream" xlink:href="source/node_modules/rfc4648/LICENSE"/>
  </item>
  <item item-type="article-source">
    <instance media-type="text/markdown" xlink:href="source/node_modules/rfc4648/README.md"/>
  </item>
  <item item-type="article-source">
    <instance media-type="application/json" xlink:href="source/node_modules/rfc4648/lib/cjs/package.json"/>
  </item>
  <item item-type="article-source">
    <instance media-type="application/javascript" xlink:href="source/node_modules/rfc4648/lib/cjs/rfc4648.js"/>
  </item>
  <item item-type="article-source">
    <instance media-type="application/octet-stream" xlink:href="source/node_modules/rfc4648/lib/cjs/rfc4648.js.flow"/>
  </item>
  <item item-type="article-source">
    <instance media-type="application/javascript" xlink:href="source/node_modules/rfc4648/lib/rfc4648.js"/>
  </item>
  <item item-type="article-source">
    <instance media-type="application/octet-stream" xlink:href="source/node_modules/rfc4648/lib/rfc4648.js.flow"/>
  </item>
  <item item-type="article-source">
    <instance media-type="text/typescript" xlink:href="source/node_modules/rfc4648/lib/src/index.d.ts"/>
  </item>
  <item item-type="article-source">
    <instance media-type="text/typescript" xlink:href="source/node_modules/rfc4648/lib/test/tests.d.ts"/>
  </item>
  <item item-type="article-source">
    <instance media-type="application/json" xlink:href="source/node_modules/rfc4648/package.json"/>
  </item>
  <item item-type="article-source">
    <instance media-type="application/javascript" xlink:href="source/node_modules/rfc4648/src/index.flow.js"/>
  </item>
  <item item-type="article-source">
    <instance media-type="text/typescript" xlink:href="source/node_modules/sade/index.d.ts"/>
  </item>
  <item item-type="article-source">
    <instance media-type="application/javascript" xlink:href="source/node_modules/sade/lib/index.js"/>
  </item>
  <item item-type="article-source">
    <instance media-type="application/javascript" xlink:href="source/node_modules/sade/lib/index.mjs"/>
  </item>
  <item item-type="article-source">
    <instance media-type="application/octet-stream" xlink:href="source/node_modules/sade/license"/>
  </item>
  <item item-type="article-source">
    <instance media-type="application/json" xlink:href="source/node_modules/sade/package.json"/>
  </item>
  <item item-type="article-source">
    <instance media-type="text/markdown" xlink:href="source/node_modules/sade/readme.md"/>
  </item>
  <item item-type="article-source">
    <instance media-type="application/json" xlink:href="source/package-lock.json"/>
  </item>
  <item item-type="article-source">
    <instance media-type="application/json" xlink:href="source/package.json"/>
  </item>
  <item item-type="article-source">
    <instance media-type="application/octet-stream" xlink:href="source/reference.bib"/>
  </item>
  <item item-type="article-source-directory">
    <instance media-type="application/x-directory" xlink:href="source"/>
  </item>
</manifest>